*Fold,Track,Normalised conditional entropy based over-segmentation score,Normalised conditional entropy based under-segmentation score,Frame pair clustering F-measure,Frame pair clustering precision rate,Frame pair clustering recall rate,Random clustering index,Segment boundary recovery evaluation measure @ 0.5sec,Segment boundary recovery precision rate @ 0.5sec,Segment boundary recovery recall rate @ 0.5sec,Segment boundary recovery evaluation measure @ 3sec,Segment boundary recovery precision rate @ 3sec,Segment boundary recovery recall rate @ 3sec,Median distance from an annotated segment boundary to the closest found boundary,Median distance from a found segment boundary to the closest annotated one
0,struct_mrx_09_000000,0.4364,0.6602,0.4370,0.6028,0.3427,0.7017,0.1667,0.1667,0.1667,0.6667,0.6667,0.6667,1.9263,1.9263
0,struct_mrx_09_000001,0.5684,0.6171,0.4402,0.4534,0.4278,0.7836,0.3158,0.3000,0.3333,0.5263,0.5000,0.5556,1.3163,4.8048
0,struct_mrx_09_000002,0.4948,0.5223,0.4836,0.5024,0.4661,0.7042,0.0000,0.0000,0.0000,0.0833,0.0769,0.0909,4.8971,5.1897
0,struct_mrx_09_000003,0.5270,0.6903,0.4366,0.5532,0.3605,0.7756,0.1600,0.1429,0.1818,0.6400,0.5714,0.7273,2.0434,2.6555
0,struct_mrx_09_000004,0.5134,0.6482,0.4588,0.5614,0.3879,0.7708,0.1212,0.1000,0.1538,0.4242,0.3500,0.5385,2.2633,3.1760
0,struct_mrx_09_000005,0.4226,0.7286,0.4209,0.7724,0.2893,0.7328,0.0833,0.0500,0.2500,0.1667,0.1000,0.5000,2.3788,16.1680
0,struct_mrx_09_000006,0.4633,0.7626,0.4699,0.7687,0.3383,0.7463,0.1905,0.1538,0.2500,0.4762,0.3846,0.6250,2.2629,4.8641
0,struct_mrx_09_000007,0.6231,0.7950,0.4451,0.5825,0.3601,0.8516,0.2941,0.2273,0.4167,0.3529,0.2727,0.5000,3.3305,7.6841
0,struct_mrx_09_000008,0.2576,0.2273,0.4121,0.3205,0.5770,0.5335,0.3750,0.3333,0.4286,0.6250,0.5556,0.7143,0.9985,2.4439
0,struct_mrx_09_000009,0.4994,0.8126,0.3271,0.7159,0.2120,0.8169,0.0606,0.0476,0.0833,0.3030,0.2381,0.4167,3.9814,6.0203
0,struct_mrx_09_000010,0.4616,0.5571,0.4462,0.5202,0.3907,0.6411,0.2609,0.2000,0.3750,0.3478,0.2667,0.5000,2.5155,6.1216
0,struct_mrx_09_000011,0.6401,0.7358,0.5332,0.6252,0.4648,0.8050,0.2222,0.1875,0.2727,0.4444,0.3750,0.5454,2.3568,3.4017
0,struct_mrx_09_000012,0.8284,0.7288,0.7984,0.7339,0.8754,0.8815,0.4000,0.3846,0.4167,0.9600,0.9231,1.0000,0.8995,1.0849
0,struct_mrx_09_000013,0.5601,0.7103,0.4654,0.5886,0.3849,0.7971,0.0541,0.0435,0.0714,0.2703,0.2174,0.3571,3.3428,4.2243
0,struct_mrx_09_000014,0.4640,0.6750,0.4666,0.6707,0.3577,0.7338,0.1600,0.1333,0.2000,0.8000,0.6667,1.0000,2.7980,2.8152
0,struct_mrx_09_000015,0.7047,0.3859,0.5130,0.3768,0.8034,0.5982,0.2400,0.2143,0.2727,0.6400,0.5714,0.7273,2.2652,2.4027
0,struct_mrx_09_000016,0.5121,0.6684,0.4042,0.5083,0.3354,0.7182,0.0870,0.0714,0.1111,0.2609,0.2143,0.3333,4.5047,5.3759
0,struct_mrx_09_000017,0.6113,0.5356,0.5100,0.4723,0.5544,0.7407,0.0870,0.0833,0.0909,0.2609,0.2500,0.2727,7.4282,7.3203
0,struct_mrx_09_000018,0.5557,0.6960,0.3895,0.5327,0.3070,0.8372,0.2500,0.1765,0.4286,0.4583,0.3235,0.7857,0.9621,4.3635
0,struct_mrx_09_000019,0.4977,0.5557,0.3649,0.4172,0.3242,0.6770,0.1026,0.0714,0.1818,0.4103,0.2857,0.7273,2.8561,5.7876
0,struct_mrx_09_000020,0.5733,0.4678,0.4826,0.4414,0.5323,0.6971,0.2000,0.1500,0.3000,0.4000,0.3000,0.6000,1.4153,4.4002
0,struct_mrx_09_000021,0.5284,0.3459,0.3274,0.2329,0.5512,0.6689,0.0526,0.0417,0.0714,0.4737,0.3750,0.6429,1.0957,3.2575
0,struct_mrx_09_000022,0.5773,0.5366,0.4397,0.4175,0.4645,0.7629,0.2162,0.1905,0.2500,0.7027,0.6190,0.8125,1.9443,2.0085
0,struct_mrx_09_000023,0.4924,0.4000,0.4322,0.3748,0.5102,0.6782,0.0909,0.0909,0.0909,0.4546,0.4546,0.4546,3.1960,3.1960
0,struct_mrx_09_000024,0.4630,0.6694,0.4512,0.6355,0.3498,0.7684,0.1429,0.1176,0.1818,0.5000,0.4118,0.6364,2.3916,3.8236
0,struct_mrx_09_000025,0.7100,0.7358,0.6390,0.6552,0.6235,0.8695,0.2143,0.1667,0.3000,0.5714,0.4444,0.8000,1.1958,4.0815
0,struct_mrx_09_000026,0.4538,0.4458,0.5311,0.5492,0.5141,0.5770,0.3077,0.2500,0.4000,0.6154,0.5000,0.8000,2.5375,2.6032
0,struct_mrx_09_000027,0.3750,0.7226,0.3366,0.6778,0.2239,0.6778,0.3333,0.2500,0.5000,0.5000,0.3750,0.7500,1.0553,4.6104
0,struct_mrx_09_000028,0.4776,0.7203,0.3778,0.6088,0.2739,0.7457,0.0909,0.0769,0.1111,0.5454,0.4615,0.6667,0.8203,4.6595
0,struct_mrx_09_000029,0.5115,0.5150,0.3707,0.3973,0.3474,0.7629,0.2000,0.1429,0.3333,0.5333,0.3810,0.8889,1.5084,5.5678
0,struct_mrx_09_000030,0.5082,0.7382,0.3818,0.6136,0.2771,0.7816,0.3333,0.2667,0.4444,0.4167,0.3333,0.5556,1.2529,5.7672
0,struct_mrx_09_000031,0.3730,0.7710,0.3965,0.8026,0.2633,0.6626,0.2105,0.2000,0.2222,0.5263,0.5000,0.5556,2.8677,3.8221
0,struct_mrx_09_000032,0.5327,0.7720,0.5619,0.7921,0.4354,0.7496,0.2222,0.2222,0.2222,0.8889,0.8889,0.8889,1.7995,1.7995
0,struct_mrx_09_000033,0.6508,0.5675,0.5084,0.4515,0.5818,0.7736,0.2727,0.3333,0.2308,0.6364,0.7778,0.5385,2.6155,0.9985
0,struct_mrx_09_000034,0.6578,0.5040,0.5770,0.4851,0.7120,0.6600,0.2105,0.2222,0.2000,0.5263,0.5556,0.5000,3.8512,1.3287
0,struct_mrx_09_000035,0.5442,0.6721,0.4471,0.5469,0.3781,0.8257,0.1667,0.1429,0.2000,0.4167,0.3571,0.5000,3.1900,4.2774
0,struct_mrx_09_000036,0.5629,0.4913,0.3688,0.3482,0.3920,0.7442,0.1000,0.0625,0.2500,0.3000,0.1875,0.7500,1.9983,12.7480
0,struct_mrx_09_000037,0.5552,0.5996,0.4902,0.5320,0.4546,0.8148,0.1875,0.1765,0.2000,0.3750,0.3529,0.4000,4.8958,4.8958
0,struct_mrx_09_000038,0.6407,0.5537,0.4952,0.4404,0.5655,0.6613,0.3636,0.3333,0.4000,0.9091,0.8333,1.0000,0.5985,0.6242
0,struct_mrx_09_000039,1.0000,0.5993,0.8798,0.8392,0.9247,0.7873,0.4000,0.5000,0.3333,0.8000,1.0000,0.6667,0.8417,0.5054
0,struct_mrx_09_000040,0.7509,0.9311,0.7603,0.9428,0.6370,0.8506,0.6316,0.6000,0.6667,0.9474,0.9000,1.0000,0.0395,0.1010
0,struct_mrx_09_000041,0.4727,0.4866,0.3920,0.4082,0.3770,0.7005,0.0741,0.0625,0.0909,0.4444,0.3750,0.5454,1.6022,3.5411
0,struct_mrx_09_000042,0.4423,0.5820,0.4701,0.5679,0.4010,0.5832,0.2500,0.1818,0.4000,0.3750,0.2727,0.6000,2.7726,8.6301
0,struct_mrx_09_000043,0.6241,0.3385,0.3982,0.2788,0.6966,0.6453,0.0667,0.0625,0.0714,0.5333,0.5000,0.5714,1.6694,3.2573
0,struct_mrx_09_000044,0.5964,0.6693,0.5153,0.5884,0.4583,0.8086,0.3030,0.2500,0.3846,0.6061,0.5000,0.7692,2.0750,2.5970
0,struct_mrx_09_000045,0.5112,0.8355,0.6494,0.9363,0.4971,0.6452,0.4800,0.3529,0.7500,0.5600,0.4118,0.8750,0.0791,5.6299
0,struct_mrx_09_000046,0.3860,0.5845,0.4927,0.6440,0.3990,0.6329,0.2353,0.2000,0.2857,0.4706,0.4000,0.5714,1.9969,4.4531
0,struct_mrx_09_000047,0.6327,0.6262,0.4665,0.4493,0.4850,0.8403,0.2051,0.1538,0.3077,0.3077,0.2308,0.4615,2.8971,6.4030
0,struct_mrx_09_000048,0.4756,0.5827,0.3897,0.5011,0.3189,0.7661,0.1482,0.1053,0.2500,0.2963,0.2105,0.5000,2.5898,11.8000
0,struct_mrx_09_000049,0.4845,0.5067,0.4775,0.5013,0.4559,0.6640,0.0769,0.0588,0.1111,0.3077,0.2353,0.4444,3.9474,5.6163
0,struct_mrx_09_000050,0.4598,0.7917,0.3748,0.7190,0.2535,0.7123,0.3871,0.2727,0.6667,0.5806,0.4091,1.0000,0.0965,3.9932
0,struct_mrx_09_000051,0.7377,0.6634,0.5978,0.5450,0.6618,0.8469,0.5000,0.4286,0.6000,0.8333,0.7143,1.0000,0.4218,1.3097
0,struct_mrx_09_000052,0.4560,0.5550,0.4215,0.5458,0.3433,0.7338,0.0645,0.0417,0.1429,0.3871,0.2500,0.8571,1.3574,9.6517
0,struct_mrx_09_000053,0.5195,0.4546,0.4356,0.3957,0.4846,0.7003,0.1429,0.1429,0.1429,0.6429,0.6429,0.6429,2.0788,2.0788
0,struct_mrx_09_000054,0.4655,0.4702,0.3253,0.3336,0.3174,0.6457,0.5000,0.4546,0.5556,0.5000,0.4546,0.5556,0.1747,3.4502
0,struct_mrx_09_000055,0.6024,0.8090,0.4680,0.6917,0.3536,0.8589,0.2069,0.1579,0.3000,0.6207,0.4737,0.9000,0.9099,2.6587
0,struct_mrx_09_000056,0.3140,0.7932,0.3545,0.8286,0.2255,0.5006,0.1667,0.1333,0.2222,0.5000,0.4000,0.6667,1.6857,3.4969
0,struct_mrx_09_000057,0.6183,0.4702,0.4770,0.3900,0.6139,0.7126,0.0909,0.0769,0.1111,0.6364,0.5385,0.7778,0.8839,1.5421
0,struct_mrx_09_000058,0.5443,0.3918,0.4256,0.3553,0.5305,0.5302,0.2353,0.2000,0.2857,0.3529,0.3000,0.4286,5.5800,5.9519
0,struct_mrx_09_000059,0.6059,0.6090,0.5016,0.5097,0.4937,0.7801,0.1739,0.1429,0.2222,0.5217,0.4286,0.6667,1.1663,3.4575
0,struct_mrx_09_000060,0.8266,0.8145,0.7664,0.7519,0.7815,0.9291,0.7647,0.7222,0.8125,0.7647,0.7222,0.8125,0.0193,0.0245
0,struct_mrx_09_000061,0.5106,0.4275,0.5283,0.5060,0.5526,0.5412,0.6000,0.6000,0.6000,0.8000,0.8000,0.8000,0.4283,0.4283
0,struct_mrx_09_000062,0.5716,0.8112,0.5537,0.8150,0.4193,0.7456,0.5217,0.4615,0.6000,0.6087,0.5385,0.7000,0.0922,1.2740
0,struct_mrx_09_000063,0.5122,0.4668,0.3914,0.3632,0.4244,0.7487,0.2000,0.1818,0.2222,0.4000,0.3636,0.4444,3.6177,3.6555
0,struct_mrx_09_000064,0.5105,0.5363,0.4536,0.5223,0.4009,0.6632,0.1538,0.1250,0.2000,0.3846,0.3125,0.5000,2.6123,4.3827
0,struct_mrx_09_000065,0.5124,0.7063,0.3711,0.5447,0.2814,0.7655,0.4138,0.3750,0.4615,0.4138,0.3750,0.4615,3.7589,3.8026
0,struct_mrx_09_000066,0.5373,0.7047,0.5131,0.6666,0.4170,0.7538,0.2500,0.2308,0.2727,0.7500,0.6923,0.8182,2.8776,2.8813
0,struct_mrx_09_000067,0.3734,0.3409,0.4596,0.4710,0.4488,0.6400,0.4000,0.3750,0.4286,0.5333,0.5000,0.5714,2.8548,4.0949
0,struct_mrx_09_000068,0.6002,0.8073,0.5358,0.7790,0.4083,0.8257,0.1143,0.0870,0.1667,0.4000,0.3044,0.5833,2.4872,5.3450
0,struct_mrx_09_000069,0.5011,0.6670,0.4560,0.6224,0.3598,0.8185,0.1429,0.1111,0.2000,0.4286,0.3333,0.6000,1.0611,4.7659
0,struct_mrx_09_000070,0.5414,0.5650,0.3999,0.4112,0.3892,0.7026,0.0769,0.0833,0.0714,0.3846,0.4167,0.3571,3.1869,3.1811
0,struct_mrx_09_000071,0.5191,0.5834,0.3201,0.3512,0.2941,0.6521,0.1250,0.0909,0.2000,0.3125,0.2273,0.5000,2.9591,5.4738
0,struct_mrx_09_000072,0.4870,0.3891,0.5883,0.4692,0.7885,0.6470,0.1000,0.1000,0.1000,0.5000,0.5000,0.5000,2.7951,2.7951
0,struct_mrx_09_000073,0.5551,0.6494,0.4684,0.5406,0.4132,0.8014,0.4138,0.4000,0.4286,0.5517,0.5333,0.5714,1.9754,2.4526
0,struct_mrx_09_000074,0.4081,0.8749,0.2802,0.8604,0.1674,0.6492,0.3333,0.2381,0.5556,0.5333,0.3810,0.8889,0.1015,4.8688
0,struct_mrx_09_000075,0.4286,0.7021,0.3995,0.6463,0.2891,0.5776,0.2400,0.1875,0.3333,0.4000,0.3125,0.5556,2.0317,3.7676
0,struct_mrx_09_000076,0.7155,0.7385,0.6059,0.6124,0.5996,0.8383,0.6061,0.5882,0.6250,0.6667,0.6471,0.6875,0.0861,0.1346
0,struct_mrx_09_000077,0.4672,0.4996,0.5836,0.5779,0.5894,0.7232,0.3000,0.2727,0.3333,0.5000,0.4546,0.5556,2.4961,3.5372
0,struct_mrx_09_000078,0.8576,0.8814,0.8758,0.8768,0.8747,0.9497,0.4571,0.4000,0.5333,0.6286,0.5500,0.7333,0.0832,1.2563
0,struct_mrx_09_000079,0.3747,0.4745,0.4091,0.5509,0.3254,0.6674,0.1333,0.1000,0.2000,0.4000,0.3000,0.6000,1.3700,5.0077
0,struct_mrx_09_000080,0.6926,0.5555,0.4782,0.4001,0.5941,0.7783,0.4000,0.4375,0.3684,0.6286,0.6875,0.5790,2.0579,1.0169
0,struct_mrx_09_000081,0.3600,0.7120,0.3147,0.7239,0.2011,0.6935,0.1290,0.1053,0.1667,0.7742,0.6316,1.0000,1.4850,1.5621
0,struct_mrx_09_000082,0.5865,0.7473,0.5256,0.6900,0.4245,0.8377,0.0833,0.0714,0.1000,0.5000,0.4286,0.6000,1.8665,4.3233
0,struct_mrx_09_000083,0.3425,0.5701,0.2947,0.4379,0.2221,0.6183,0.0800,0.0667,0.1000,0.4000,0.3333,0.5000,3.6176,8.5813
0,struct_mrx_09_000084,0.6454,0.6139,0.7602,0.7406,0.7810,0.8279,0.1538,0.1111,0.2500,0.3077,0.2222,0.5000,2.1482,11.8570
0,struct_mrx_09_000085,0.5537,0.9043,0.4519,0.8925,0.3025,0.7958,0.3704,0.3125,0.4546,0.5185,0.4375,0.6364,2.2873,4.7990
0,struct_mrx_09_000086,0.5986,0.7369,0.5408,0.6771,0.4502,0.7738,0.0833,0.0714,0.1000,0.4167,0.3571,0.5000,2.5555,5.2302
0,struct_mrx_09_000087,0.7052,0.3487,0.4014,0.2763,0.7335,0.6495,0.0571,0.0435,0.0833,0.5714,0.4348,0.8333,1.3445,3.4696
0,struct_mrx_09_000088,0.3932,0.6778,0.4203,0.6987,0.3006,0.7100,0.1905,0.1818,0.2000,0.4762,0.4546,0.5000,2.6745,3.5960
0,struct_mrx_09_000089,0.4267,0.7685,0.4294,0.7859,0.2954,0.7278,0.2069,0.1765,0.2500,0.6207,0.5294,0.7500,1.1953,2.6619
0,struct_mrx_09_000090,0.7930,0.5128,0.4534,0.3213,0.7703,0.7068,0.5714,0.5333,0.6154,0.7857,0.7333,0.8462,0.1421,0.3170
0,struct_mrx_09_000091,0.6904,0.6564,0.4871,0.4524,0.5276,0.8455,0.2857,0.2222,0.4000,0.5000,0.3889,0.7000,1.0556,6.1097
0,struct_mrx_09_000092,0.8562,0.4559,0.5516,0.3932,0.9243,0.6524,0.1111,0.1429,0.0909,0.6667,0.8571,0.5454,1.2598,1.2423
0,struct_mrx_09_000093,0.7012,0.6832,0.5946,0.5772,0.6132,0.8629,0.0769,0.0667,0.0909,0.4615,0.4000,0.5454,1.5173,3.4152
0,struct_mrx_09_000094,0.7155,0.6755,0.6863,0.6262,0.7592,0.7221,0.2857,0.3000,0.2727,0.5714,0.6000,0.5454,2.9138,2.9299
0,struct_mrx_09_000095,0.4653,0.4499,0.3318,0.3120,0.3542,0.6602,0.0909,0.0833,0.1000,0.5454,0.5000,0.6000,2.7939,3.6862
0,struct_mrx_09_000096,0.4332,0.5714,0.4066,0.5375,0.3270,0.6910,0.2000,0.1667,0.2500,0.4000,0.3333,0.5000,2.4692,4.4221
0,struct_mrx_09_000097,0.5006,0.5035,0.3582,0.3697,0.3474,0.7438,0.0606,0.0476,0.0833,0.2424,0.1905,0.3333,8.3409,8.3570
0,struct_mrx_09_000098,0.3444,0.5474,0.2565,0.4723,0.1761,0.6630,0.0500,0.0323,0.1111,0.3000,0.1936,0.6667,0.9943,11.9080
0,struct_mrx_09_000099,0.5267,0.5952,0.4245,0.4882,0.3755,0.7604,0.1765,0.1364,0.2500,0.4118,0.3182,0.5833,2.2058,6.6271
0,struct_mrx_09_000100,0.6123,0.8296,0.4570,0.6898,0.3417,0.8700,0.2581,0.2105,0.3333,0.7097,0.5790,0.9167,1.1253,2.2547
0,struct_mrx_09_000101,0.5461,0.2386,0.3450,0.2540,0.5377,0.5687,0.1538,0.1176,0.2222,0.6154,0.4706,0.8889,1.3400,4.0025
0,struct_mrx_09_000102,0.3163,0.5888,0.3114,0.5813,0.2126,0.6694,0.1905,0.1818,0.2000,0.3810,0.3636,0.4000,3.0397,3.0223
0,struct_mrx_09_000103,0.6691,0.3218,0.5314,0.3819,0.8729,0.6480,0.0800,0.0714,0.0909,0.8800,0.7857,1.0000,0.8127,1.4256
0,struct_mrx_09_000104,0.4926,0.7089,0.4880,0.6460,0.3921,0.7058,0.2353,0.2000,0.2857,0.5882,0.5000,0.7143,1.1029,2.2328
0,struct_mrx_09_000105,0.6363,0.7385,0.5948,0.6885,0.5235,0.8236,0.5714,0.5454,0.6000,0.6667,0.6364,0.7000,0.0348,0.0349
0,struct_mrx_09_000106,0.3706,0.9288,0.2699,0.9111,0.1584,0.6044,0.3333,0.2353,0.5714,0.5833,0.4118,1.0000,0.4434,5.4872
0,struct_mrx_09_000107,0.4849,0.7097,0.3743,0.5823,0.2758,0.7850,0.4324,0.2963,0.8000,0.4865,0.3333,0.9000,0.0268,3.7471
0,struct_mrx_09_000108,0.7076,0.7865,0.6013,0.6413,0.5660,0.8434,0.2857,0.1905,0.5714,0.5000,0.3333,1.0000,0.3375,3.2388
0,struct_mrx_09_000109,0.4430,0.5082,0.4605,0.5330,0.4054,0.7477,0.1600,0.1250,0.2222,0.5600,0.4375,0.7778,1.9998,3.5440
0,struct_mrx_09_000110,0.3621,0.5504,0.3874,0.5183,0.3092,0.6197,0.0909,0.0833,0.1000,0.4546,0.4167,0.5000,3.7368,4.6602
0,struct_mrx_09_000111,0.5482,0.8066,0.5502,0.8413,0.4088,0.8264,0.0625,0.0526,0.0769,0.6875,0.5790,0.8462,0.7663,0.8337
0,struct_mrx_09_000112,0.5069,0.6898,0.4226,0.5892,0.3294,0.7784,0.0571,0.0435,0.0833,0.3429,0.2609,0.5000,2.3858,5.7280
0,struct_mrx_09_000113,0.4311,0.7327,0.5496,0.8019,0.4180,0.7172,0.2727,0.2143,0.3750,0.6364,0.5000,0.8750,1.6956,3.4081
0,struct_mrx_09_000114,0.6996,0.8607,0.6973,0.8775,0.5785,0.8436,0.1000,0.1000,0.1000,1.0000,1.0000,1.0000,1.2762,1.2762
0,struct_mrx_09_000115,0.4991,0.5840,0.4224,0.4923,0.3699,0.7950,0.0690,0.0625,0.0769,0.3448,0.3125,0.3846,3.4171,3.6609
0,struct_mrx_09_000116,0.4769,0.7018,0.5179,0.7320,0.4006,0.7792,0.0769,0.0625,0.1000,0.3846,0.3125,0.5000,3.0683,4.8646
0,struct_mrx_09_000117,0.7281,0.7207,0.5396,0.5076,0.5759,0.8115,0.1250,0.0909,0.2000,0.5000,0.3636,0.8000,2.9558,10.8270
0,struct_mrx_09_000118,0.5896,0.5466,0.4181,0.4125,0.4238,0.7495,0.0769,0.0588,0.1111,0.1538,0.1176,0.2222,4.4219,4.4818
0,struct_mrx_09_000119,0.5164,0.8558,0.4700,0.7864,0.3351,0.6437,0.6956,0.5714,0.8889,0.7826,0.6429,1.0000,0.0763,0.1850
0,struct_mrx_09_000120,0.6111,0.5077,0.3608,0.3062,0.4390,0.7853,0.1875,0.1500,0.2500,0.5625,0.4500,0.7500,1.3536,2.8460
0,struct_mrx_09_000121,0.7522,0.7568,0.8687,0.8641,0.8734,0.8946,0.3000,0.2500,0.3750,0.8000,0.6667,1.0000,0.8516,2.3104
0,struct_mrx_09_000122,0.2812,0.7479,0.3870,0.7914,0.2561,0.5310,0.1905,0.1667,0.2222,0.1905,0.1667,0.2222,4.3443,4.3812
0,struct_mrx_09_000123,0.3693,0.2679,0.3489,0.3229,0.3794,0.6497,0.0800,0.0625,0.1111,0.4800,0.3750,0.6667,0.8320,4.0171
0,struct_mrx_09_000124,0.4409,0.7983,0.4523,0.8240,0.3117,0.6346,0.2353,0.2000,0.2857,0.7059,0.6000,0.8571,1.9390,2.4584
0,struct_mrx_09_000125,0.6584,0.5463,0.3689,0.3007,0.4769,0.7714,0.1379,0.1111,0.1818,0.2069,0.1667,0.2727,5.0118,5.0186
0,struct_mrx_09_000126,0.5273,0.3904,0.5468,0.4260,0.7632,0.6510,0.0667,0.0556,0.0833,0.3333,0.2778,0.4167,3.4783,6.4537
0,struct_mrx_09_000127,0.3447,0.4193,0.3760,0.4326,0.3325,0.5781,0.2609,0.2143,0.3333,0.3478,0.2857,0.4444,3.2703,4.1485
0,struct_mrx_09_000128,0.5644,0.5988,0.5716,0.5848,0.5590,0.7751,0.1429,0.1176,0.1818,0.5714,0.4706,0.7273,1.0385,2.9890
0,struct_mrx_09_000129,0.6317,0.7539,0.6390,0.8172,0.5246,0.8580,0.2703,0.2174,0.3571,0.4324,0.3478,0.5714,2.2414,4.2151
0,struct_mrx_09_000130,0.3649,0.7089,0.3758,0.6749,0.2604,0.6006,0.2000,0.1818,0.2222,0.4000,0.3636,0.4444,3.9532,5.0757
0,struct_mrx_09_000131,0.8920,0.5854,0.7897,0.6706,0.9602,0.8180,0.8421,0.8000,0.8889,0.9474,0.9000,1.0000,0.0349,0.0408
0,struct_mrx_09_000132,0.6219,0.5798,0.5642,0.5370,0.5944,0.7106,0.0952,0.1000,0.0909,0.7619,0.8000,0.7273,2.0259,1.9563
0,struct_mrx_09_000133,0.6458,0.8325,0.6100,0.7533,0.5125,0.7992,0.8421,0.8000,0.8889,0.9474,0.9000,1.0000,0.0581,0.0639
0,struct_mrx_09_000134,0.5853,0.8103,0.5786,0.8068,0.4511,0.7763,0.5263,0.5556,0.5000,0.8421,0.8889,0.8000,0.4876,0.3947
0,struct_mrx_09_000135,0.5355,0.9300,0.5874,0.9529,0.4246,0.7492,0.3529,0.2727,0.5000,0.5882,0.4546,0.8333,0.4136,2.8358
0,struct_mrx_09_000136,0.7318,0.4821,0.4250,0.3119,0.6668,0.6239,0.6667,0.6250,0.7143,0.7333,0.6875,0.7857,0.0215,0.0311
0,struct_mrx_09_000137,0.6009,0.5423,0.5606,0.5110,0.6208,0.7940,0.0000,0.0000,0.0000,0.6471,0.5000,0.9167,1.4157,2.8155
0,struct_mrx_09_000138,0.3816,0.5515,0.4277,0.5508,0.3496,0.6606,0.1111,0.1111,0.1111,0.6667,0.6667,0.6667,2.1455,2.1455
0,struct_mrx_09_000139,0.7160,0.7387,0.6611,0.6819,0.6416,0.8648,0.1429,0.1250,0.1667,0.4286,0.3750,0.5000,5.0049,8.8943
0,struct_mrx_09_000140,0.4993,0.5379,0.4806,0.5201,0.4467,0.5804,0.3448,0.2778,0.4546,0.5517,0.4444,0.7273,0.7030,3.7136
0,struct_mrx_09_000141,0.6790,0.8913,0.7144,0.9277,0.5808,0.8850,0.1143,0.0909,0.1538,0.5714,0.4546,0.7692,2.3841,4.4867
0,struct_mrx_09_000142,0.5854,0.7676,0.6129,0.8058,0.4945,0.8241,0.2500,0.2143,0.3000,0.7500,0.6429,0.9000,1.7881,1.7983
0,struct_mrx_09_000143,0.7006,0.4608,0.6987,0.5586,0.9324,0.7451,0.2857,0.3000,0.2727,0.7619,0.8000,0.7273,1.0565,1.0271
0,struct_mrx_09_000144,0.7440,0.7432,0.7722,0.7712,0.7732,0.8687,0.1538,0.1538,0.1538,1.0000,1.0000,1.0000,2.0859,2.0859
0,struct_mrx_09_000145,0.7132,0.9048,0.6696,0.8253,0.5632,0.8844,0.4375,0.3333,0.6364,0.6250,0.4762,0.9091,0.0146,5.0610
0,struct_mrx_09_000146,0.4498,0.7824,0.3734,0.7357,0.2502,0.6896,0.2069,0.1579,0.3000,0.5517,0.4210,0.8000,1.4090,4.5743
0,struct_mrx_09_000147,0.4992,0.5547,0.5256,0.5588,0.4961,0.6013,0.0952,0.0833,0.1111,0.6667,0.5833,0.7778,2.8205,2.8477
0,struct_mrx_09_000148,0.4597,0.6511,0.4294,0.6027,0.3334,0.6241,0.1538,0.1333,0.1818,0.1538,0.1333,0.1818,5.7157,5.6793
0,struct_mrx_09_000149,0.7324,0.5750,0.6244,0.5228,0.7749,0.7797,0.1875,0.1667,0.2143,0.5000,0.4444,0.5714,2.0155,3.0377
0,struct_mrx_09_000150,0.8534,0.7383,0.7142,0.6153,0.8509,0.8792,0.6429,0.6429,0.6429,1.0000,1.0000,1.0000,0.0342,0.0342
0,struct_mrx_09_000151,0.3053,0.4079,0.4004,0.4644,0.3519,0.5836,0.0000,0.0000,0.0000,0.7000,0.6364,0.7778,2.8065,2.8376
0,struct_mrx_09_000152,0.5288,0.7826,0.3980,0.6640,0.2842,0.8099,0.3243,0.2500,0.4615,0.4865,0.3750,0.6923,1.5347,3.0905
0,struct_mrx_09_000153,0.5988,0.7989,0.6405,0.8268,0.5227,0.7520,0.2000,0.1538,0.2857,0.5000,0.3846,0.7143,0.8708,4.0287
0,struct_mrx_09_000154,0.5885,0.8598,0.5138,0.8712,0.3644,0.8519,0.1290,0.1250,0.1333,0.8387,0.8125,0.8667,1.1378,1.1524
0,struct_mrx_09_000155,0.4182,0.9186,0.4677,0.9531,0.3099,0.5809,0.2400,0.1875,0.3333,0.7200,0.5625,1.0000,0.9724,2.7633
0,struct_mrx_09_000156,0.5829,0.7746,0.4784,0.7032,0.3626,0.8483,0.0741,0.0588,0.1000,0.4444,0.3529,0.6000,2.0956,5.3522
0,struct_mrx_09_000157,0.5927,0.8100,0.4493,0.7176,0.3271,0.8355,0.0541,0.0417,0.0769,0.3243,0.2500,0.4615,3.2572,6.1568
0,struct_mrx_09_000158,0.7154,0.9478,0.7117,0.9521,0.5682,0.8867,0.5217,0.4615,0.6000,0.8696,0.7692,1.0000,0.0408,2.1661
0,struct_mrx_09_000159,0.5401,0.7214,0.6068,0.7805,0.4963,0.7664,0.3158,0.2500,0.4286,0.7368,0.5833,1.0000,0.6376,2.2729
0,struct_mrx_09_000160,0.5328,0.5908,0.2988,0.3336,0.2705,0.7591,0.1579,0.1304,0.2000,0.2105,0.1739,0.2667,4.0374,6.0760
0,struct_mrx_09_000161,0.6789,0.7452,0.5561,0.5826,0.5319,0.8395,0.2667,0.2105,0.3636,0.4000,0.3158,0.5454,2.6105,6.4918
0,struct_mrx_09_000162,0.6064,0.9595,0.6080,0.9794,0.4408,0.7102,0.5217,0.4286,0.6667,0.7826,0.6429,1.0000,0.0929,0.7828
0,struct_mrx_09_000163,0.3798,0.7094,0.4449,0.7878,0.3100,0.5700,0.1667,0.1333,0.2222,0.1667,0.1333,0.2222,4.4148,4.4350
0,struct_mrx_09_000164,0.6171,0.6200,0.4289,0.4240,0.4338,0.7854,0.1111,0.0909,0.1429,0.5000,0.4091,0.6429,2.5179,5.0344
0,struct_mrx_09_000165,0.5937,0.6395,0.5636,0.6300,0.5098,0.6905,0.1600,0.1333,0.2000,0.8000,0.6667,1.0000,0.7180,0.7263
0,struct_mrx_09_000166,0.3178,0.7004,0.3804,0.7525,0.2545,0.5386,0.1905,0.1667,0.2222,0.4762,0.4167,0.5556,0.8776,5.3158
0,struct_mrx_09_000167,0.5709,0.5224,0.7295,0.6996,0.7621,0.7454,0.0000,0.0000,0.0000,0.8571,0.7500,1.0000,1.3373,1.7002
0,struct_mrx_09_000168,0.5964,0.5119,0.4060,0.3582,0.4686,0.7737,0.1765,0.1364,0.2500,0.5882,0.4546,0.8333,1.6640,3.2586
0,struct_mrx_09_000169,0.3537,0.4114,0.4398,0.4393,0.4403,0.5540,0.1053,0.1111,0.1000,0.2105,0.2222,0.2000,5.1947,5.2244
0,struct_mrx_09_000170,0.6063,0.6282,0.5606,0.5671,0.5541,0.8137,0.4138,0.3529,0.5000,0.4138,0.3529,0.5000,2.0267,4.8653
0,struct_mrx_09_000171,0.5737,0.7323,0.7201,0.8726,0.6130,0.8305,0.2963,0.2667,0.3333,0.2963,0.2667,0.3333,5.3788,7.2100
0,struct_mrx_09_000172,0.7959,0.7588,0.7036,0.6542,0.7609,0.8741,0.3636,0.3636,0.3636,0.7273,0.7273,0.7273,1.3747,1.3747
0,struct_mrx_09_000173,0.4228,0.8173,0.4745,0.8472,0.3296,0.6342,0.4762,0.4167,0.5556,0.5714,0.5000,0.6667,0.2438,2.6406
0,struct_mrx_09_000174,0.5315,0.6119,0.3586,0.4305,0.3074,0.8221,0.1429,0.0968,0.2727,0.3333,0.2258,0.6364,2.9282,5.8166
0,struct_mrx_09_000175,0.6476,0.8155,0.5419,0.6926,0.4451,0.8728,0.4878,0.4000,0.6250,0.5854,0.4800,0.7500,0.0243,1.9579
0,struct_mrx_09_000176,0.6308,0.4516,0.3663,0.2784,0.5352,0.6275,0.1111,0.1053,0.1176,0.5556,0.5263,0.5882,2.6199,2.6363
0,struct_mrx_09_000177,0.6803,0.5388,0.5552,0.4787,0.6607,0.8055,0.1739,0.1818,0.1667,0.6087,0.6364,0.5833,1.8889,1.7843
0,struct_mrx_09_000178,0.5012,0.8538,0.4842,0.9010,0.3310,0.7884,0.0606,0.0455,0.0909,0.4242,0.3182,0.6364,0.7895,4.3828
0,struct_mrx_09_000179,0.5007,0.9406,0.5823,0.9585,0.4182,0.6855,0.3529,0.2500,0.6000,0.5882,0.4167,1.0000,0.3664,6.3724
0,struct_mrx_09_000180,0.4232,0.5724,0.4780,0.5952,0.3993,0.6568,0.2400,0.2000,0.3000,0.3200,0.2667,0.4000,3.8882,6.0715
0,struct_mrx_09_000181,0.6608,0.5705,0.6530,0.6160,0.6948,0.7542,0.2727,0.2308,0.3333,0.7273,0.6154,0.8889,0.8099,2.5286
0,struct_mrx_09_000182,0.4718,0.5095,0.4074,0.4404,0.3791,0.7211,0.1176,0.1000,0.1429,0.5882,0.5000,0.7143,2.5855,4.7266
0,struct_mrx_09_000183,0.5134,0.6849,0.4035,0.5613,0.3149,0.8326,0.1081,0.0741,0.2000,0.5405,0.3704,1.0000,2.1128,3.4235
0,struct_mrx_09_000184,0.3905,0.6941,0.3376,0.6172,0.2324,0.6532,0.1333,0.1176,0.1538,0.6000,0.5294,0.6923,2.4845,2.5194
0,struct_mrx_09_000185,0.8442,0.3180,0.5199,0.3628,0.9172,0.4765,0.0909,0.0833,0.1000,0.6364,0.5833,0.7000,2.1660,2.5433
0,struct_mrx_09_000186,0.6144,0.6813,0.3959,0.4074,0.3851,0.8109,0.2581,0.2222,0.3077,0.4516,0.3889,0.5385,2.9914,5.9748
0,struct_mrx_09_000187,0.4178,0.5334,0.3211,0.4232,0.2586,0.7024,0.1429,0.0952,0.2857,0.2143,0.1429,0.4286,4.0882,7.2185
0,struct_mrx_09_000188,0.4224,0.6423,0.4045,0.6222,0.2996,0.6752,0.1250,0.0833,0.2500,0.5000,0.3333,1.0000,0.8533,7.1577
0,struct_mrx_09_000189,0.5662,0.6550,0.4992,0.6043,0.4253,0.8078,0.0435,0.0294,0.0833,0.3478,0.2353,0.6667,2.1203,5.8534
0,struct_mrx_09_000190,0.6253,0.6515,0.5856,0.5944,0.5769,0.7995,0.0714,0.0526,0.1111,0.3571,0.2632,0.5556,2.0949,4.3654
0,struct_mrx_09_000191,0.5007,0.6038,0.4052,0.5278,0.3288,0.8119,0.1875,0.1304,0.3333,0.5625,0.3913,1.0000,1.0152,8.7687
0,struct_mrx_09_000192,0.4947,0.5238,0.5117,0.5426,0.4841,0.6172,0.2105,0.2000,0.2222,0.5263,0.5000,0.5556,1.8576,3.5559
0,struct_mrx_09_000193,0.4120,0.7242,0.4410,0.7256,0.3167,0.7134,0.0870,0.0769,0.1000,0.5217,0.4615,0.6000,1.6998,3.0774
0,struct_mrx_09_000194,0.5047,0.4406,0.4110,0.3670,0.4669,0.7104,0.2963,0.2222,0.4444,0.4444,0.3333,0.6667,1.4164,5.7411
0,struct_mrx_09_000195,0.5684,0.5000,0.3648,0.3297,0.4084,0.7857,0.1379,0.1053,0.2000,0.4138,0.3158,0.6000,2.4717,4.0403
0,struct_mrx_09_000196,0.3094,0.3372,0.4805,0.4845,0.4765,0.5108,0.0000,0.0000,0.0000,0.6000,0.5000,0.7500,1.0957,2.3032
0,struct_mrx_09_000197,0.4592,0.4293,0.3282,0.3360,0.3207,0.7598,0.2162,0.1482,0.4000,0.3243,0.2222,0.6000,2.1616,5.0325
0,struct_mrx_09_000198,0.4038,0.6345,0.5507,0.6916,0.4575,0.6587,0.1000,0.0769,0.1429,0.4000,0.3077,0.5714,1.0165,7.3787
0,struct_mrx_09_000199,0.4412,0.7255,0.3166,0.5811,0.2176,0.7399,0.0556,0.0385,0.1000,0.3889,0.2692,0.7000,1.4277,7.2480
0,struct_mrx_09_000200,0.5219,0.5517,0.5067,0.5333,0.4826,0.7303,0.0952,0.0769,0.1250,0.3810,0.3077,0.5000,2.8208,4.0436
0,struct_mrx_09_000201,0.8326,0.6768,0.7379,0.6258,0.8988,0.8492,0.6956,0.6667,0.7273,0.8696,0.8333,0.9091,0.0334,0.0360
0,struct_mrx_09_000202,0.4605,0.9016,0.3842,0.9297,0.2421,0.6823,0.3846,0.3125,0.5000,0.6154,0.5000,0.8000,0.5108,2.7490
0,struct_mrx_09_000203,0.6204,0.7931,0.5148,0.7116,0.4033,0.8433,0.3390,0.2273,0.6667,0.5085,0.3409,1.0000,0.0281,6.2089
0,struct_mrx_09_000204,0.5097,0.6752,0.4083,0.5758,0.3163,0.7920,0.2222,0.1667,0.3333,0.3704,0.2778,0.5556,1.5658,4.6762
0,struct_mrx_09_000205,0.4722,0.4020,0.5311,0.4850,0.5868,0.5993,0.1111,0.1111,0.1111,0.2222,0.2222,0.2222,6.0082,6.0082
0,struct_mrx_09_000206,0.7453,0.6408,0.5481,0.4789,0.6407,0.7396,0.8800,0.8462,0.9167,0.9600,0.9231,1.0000,0.0788,0.0846
0,struct_mrx_09_000207,0.7081,0.6996,0.5155,0.4859,0.5489,0.8618,0.3902,0.3810,0.4000,0.5366,0.5238,0.5500,1.4656,1.8400
0,struct_mrx_09_000208,0.3378,0.5710,0.4502,0.6050,0.3585,0.6524,0.4000,0.3571,0.4546,0.6400,0.5714,0.7273,0.6085,2.3988
0,struct_mrx_09_000209,0.6275,0.4570,0.4418,0.3585,0.5757,0.7376,0.2667,0.2222,0.3333,0.5333,0.4444,0.6667,1.0666,5.0466
0,struct_mrx_09_000210,0.7225,0.5836,0.6692,0.5896,0.7736,0.7914,0.2000,0.1818,0.2222,0.7000,0.6364,0.7778,1.0481,2.8967
0,struct_mrx_09_000211,0.5568,0.7652,0.5468,0.7560,0.4283,0.7898,0.1905,0.1818,0.2000,0.8571,0.8182,0.9000,1.0797,1.1430
0,struct_mrx_09_000212,0.3529,0.9324,0.3049,0.9504,0.1816,0.5193,0.4444,0.3636,0.5714,0.7778,0.6364,1.0000,0.1839,2.5042
0,struct_mrx_09_000213,0.4035,0.9648,0.3171,0.9843,0.1890,0.6139,0.3333,0.2857,0.4000,0.6667,0.5714,0.8000,0.5457,0.8458
0,struct_mrx_09_000214,0.4783,0.4718,0.5516,0.5550,0.5483,0.6430,0.2222,0.2222,0.2222,0.3333,0.3333,0.3333,3.5410,3.5410
0,struct_mrx_09_000215,0.5390,0.6282,0.4093,0.4895,0.3517,0.7768,0.1875,0.1500,0.2500,0.3750,0.3000,0.5000,2.9816,7.6773
0,struct_mrx_09_000216,0.5075,0.6750,0.5652,0.6859,0.4806,0.6874,0.2222,0.1818,0.2857,0.2222,0.1818,0.2857,5.7923,6.7106
0,struct_mrx_09_000217,0.5483,0.4299,0.3690,0.3066,0.4631,0.6537,0.1000,0.0909,0.1111,0.5000,0.4546,0.5556,2.7400,4.5047
0,struct_mrx_09_000218,0.6575,0.7705,0.5407,0.6432,0.4664,0.8751,0.2162,0.1739,0.2857,0.3243,0.2609,0.4286,3.5959,3.6298
0,struct_mrx_09_000219,0.6027,0.4394,0.3353,0.2775,0.4237,0.6234,0.4848,0.3810,0.6667,0.7273,0.5714,1.0000,0.0929,1.4338
0,struct_mrx_09_000220,0.5684,0.5851,0.4025,0.4013,0.4038,0.7915,0.1053,0.0833,0.1429,0.4210,0.3333,0.5714,2.2540,7.0630
0,struct_mrx_09_000221,0.4816,0.7353,0.3017,0.5541,0.2073,0.8020,0.1538,0.1071,0.2727,0.4103,0.2857,0.7273,2.8198,6.2571
0,struct_mrx_09_000222,0.4641,0.8976,0.3932,0.9319,0.2491,0.7689,0.0930,0.0588,0.2222,0.2791,0.1765,0.6667,2.0469,14.8120
0,struct_mrx_09_000223,0.5722,0.7043,0.4505,0.5673,0.3735,0.8356,0.3158,0.2143,0.6000,0.4737,0.3214,0.9000,0.3967,5.2062
0,struct_mrx_09_000224,0.7017,0.5874,0.6678,0.6061,0.7434,0.7746,0.2857,0.2727,0.3000,0.8571,0.8182,0.9000,1.9245,1.9245
0,struct_mrx_09_000225,0.4806,0.6907,0.5816,0.7552,0.4729,0.7223,0.2667,0.2857,0.2500,0.5333,0.5714,0.5000,2.5135,2.4873
0,struct_mrx_09_000226,0.3013,0.5956,0.2803,0.5184,0.1921,0.5943,0.0870,0.0714,0.1111,0.5217,0.4286,0.6667,1.7277,5.2531
0,struct_mrx_09_000227,0.5346,0.9310,0.5888,0.9605,0.4245,0.6782,0.2353,0.1818,0.3333,0.7059,0.5454,1.0000,0.7661,0.9005
0,struct_mrx_09_000228,0.4302,0.6162,0.3021,0.4682,0.2230,0.7516,0.1818,0.1212,0.3636,0.4091,0.2727,0.8182,1.3748,6.7921
0,struct_mrx_09_000229,0.7709,0.8503,0.6935,0.7376,0.6544,0.8483,1.0000,1.0000,1.0000,1.0000,1.0000,1.0000,0.0209,0.0209
0,struct_mrx_09_000230,0.7600,0.5012,0.5762,0.4571,0.7792,0.7104,0.3158,0.3000,0.3333,0.6316,0.6000,0.6667,1.9364,2.4386
0,struct_mrx_09_000231,0.6134,0.8276,0.5914,0.7904,0.4724,0.8488,0.3571,0.3125,0.4167,0.7857,0.6875,0.9167,1.0431,1.4914
0,struct_mrx_09_000232,0.6575,0.7196,0.6287,0.6830,0.5823,0.8171,0.0870,0.0909,0.0833,0.6087,0.6364,0.5833,1.6434,1.2550
0,struct_mrx_09_000233,0.5633,0.5389,0.4083,0.4016,0.4153,0.6981,0.2222,0.2500,0.2000,0.6667,0.7500,0.6000,2.4468,1.8763
0,struct_mrx_09_000234,0.6101,0.7083,0.5700,0.6603,0.5013,0.7980,0.3200,0.2667,0.4000,0.8000,0.6667,1.0000,0.9294,1.0101
0,struct_mrx_09_000235,0.7550,0.4130,0.4349,0.2995,0.7940,0.6649,0.1111,0.0833,0.1667,0.2222,0.1667,0.3333,6.0985,6.8036
0,struct_mrx_09_000236,0.4464,0.5956,0.2526,0.3689,0.1921,0.7833,0.1860,0.1290,0.3333,0.4186,0.2903,0.7500,1.4902,7.2886
0,struct_mrx_09_000237,0.2503,0.2435,0.3109,0.5424,0.2179,0.4900,0.2400,0.1875,0.3333,0.4000,0.3125,0.5556,0.8250,4.1794
0,struct_mrx_09_000238,0.4572,0.7010,0.4997,0.7363,0.3782,0.6838,0.1250,0.1000,0.1667,0.6250,0.5000,0.8333,1.1102,2.7909
0,struct_mrx_09_000239,0.5592,0.5613,0.4222,0.4045,0.4416,0.7402,0.0909,0.0833,0.1000,0.6364,0.5833,0.7000,2.7980,2.8363
0,struct_mrx_09_000240,0.6720,0.4730,0.4769,0.3740,0.6580,0.7577,0.2857,0.2500,0.3333,0.6286,0.5500,0.7333,1.6725,1.9162
0,struct_mrx_09_000241,0.6936,0.7813,0.5148,0.5851,0.4595,0.8723,0.4375,0.3500,0.5833,0.6875,0.5500,0.9167,0.0234,0.9654
0,struct_mrx_09_000242,0.2920,0.7357,0.3991,0.7903,0.2669,0.5518,0.0952,0.0833,0.1111,0.2857,0.2500,0.3333,3.5882,4.3552
0,struct_mrx_09_000243,0.5160,0.6558,0.4900,0.5895,0.4192,0.7066,0.1875,0.1875,0.1875,0.2500,0.2500,0.2500,8.0519,8.0519
0,struct_mrx_09_000244,0.4098,0.2580,0.3376,0.2682,0.4554,0.5631,0.0741,0.0769,0.0714,0.5926,0.6154,0.5714,2.7303,2.6936
0,struct_mrx_09_000245,0.6250,0.8480,0.5155,0.7794,0.3850,0.8870,0.1379,0.1000,0.2222,0.2759,0.2000,0.4444,3.2509,4.1303
0,struct_mrx_09_000246,0.4573,0.8376,0.3557,0.7640,0.2318,0.6830,0.1333,0.0909,0.2500,0.3333,0.2273,0.6250,1.4010,7.0240
0,struct_mrx_09_000247,0.5599,0.7722,0.5786,0.8155,0.4484,0.8308,0.1818,0.1667,0.2000,0.5454,0.5000,0.6000,1.9709,2.3394
0,struct_mrx_09_000248,0.7996,0.6880,0.6853,0.6078,0.7856,0.8432,0.5263,0.5000,0.5556,0.7368,0.7000,0.7778,0.2157,0.9334
0,struct_mrx_09_000249,0.6168,0.7983,0.5047,0.6843,0.3998,0.8684,0.0833,0.0714,0.1000,0.5000,0.4286,0.6000,1.9840,6.4847
0,struct_mrx_09_000250,0.6054,0.5384,0.3697,0.3310,0.4187,0.7882,0.1081,0.0870,0.1429,0.3243,0.2609,0.4286,3.0538,3.0969
0,struct_mrx_09_000251,0.5907,0.7914,0.5350,0.7338,0.4210,0.8329,0.2222,0.1739,0.3077,0.3889,0.3044,0.5385,1.2343,6.6163
0,struct_mrx_09_000252,0.6236,0.5837,0.5435,0.5164,0.5736,0.8068,0.1818,0.1304,0.3000,0.3636,0.2609,0.6000,1.8537,8.0918
0,struct_mrx_09_000253,0.7061,0.4647,0.3798,0.2754,0.6119,0.6081,0.1333,0.1111,0.1667,0.4000,0.3333,0.5000,3.4883,4.5279
0,struct_mrx_09_000254,0.5635,0.5632,0.4538,0.4610,0.4467,0.7520,0.1212,0.0909,0.1818,0.3636,0.2727,0.5454,1.6273,4.8049
0,struct_mrx_09_000255,0.5527,0.6360,0.4787,0.5295,0.4368,0.7932,0.2727,0.2500,0.3000,0.3636,0.3333,0.4000,3.9914,4.2432
0,struct_mrx_09_000256,0.4767,0.7377,0.4149,0.6839,0.2978,0.6385,0.3846,0.3125,0.5000,0.4615,0.3750,0.6000,0.7718,5.0303
0,struct_mrx_09_000257,0.6388,0.6539,0.4833,0.4950,0.4722,0.8021,0.1176,0.0952,0.1538,0.5294,0.4286,0.6923,0.9061,4.5477
0,struct_mrx_09_000258,0.2902,0.2359,0.2900,0.3236,0.2628,0.6668,0.1333,0.0952,0.2222,0.4000,0.2857,0.6667,2.1875,6.7342
0,struct_mrx_09_000259,0.5281,0.6850,0.5970,0.6949,0.5232,0.6343,0.3529,0.3000,0.4286,0.7059,0.6000,0.8571,0.5275,1.2234
0,struct_mrx_09_000260,0.3896,0.4017,0.4174,0.4149,0.4200,0.5023,0.1905,0.1538,0.2500,0.2857,0.2308,0.3750,4.3765,4.8141
0,struct_mrx_09_000261,0.6822,0.6029,0.5379,0.4903,0.5957,0.8501,0.1936,0.1500,0.2727,0.5161,0.4000,0.7273,1.2836,4.2904
0,struct_mrx_09_000262,0.3168,0.4626,0.5975,0.5499,0.6542,0.6295,0.0952,0.0909,0.1000,0.3810,0.3636,0.4000,3.6531,3.6764
0,struct_mrx_09_000263,0.4756,0.6905,0.3693,0.6009,0.2665,0.8118,0.0476,0.0400,0.0588,0.2857,0.2400,0.3529,4.5511,6.4784
0,struct_mrx_09_000264,0.4875,0.8425,0.4780,0.8694,0.3296,0.7618,0.0870,0.0833,0.0909,0.9565,0.9167,1.0000,1.1654,1.1960
0,struct_mrx_09_000265,0.5823,0.6865,0.4638,0.5259,0.4148,0.8393,0.3636,0.3333,0.4000,0.5454,0.5000,0.6000,1.7585,3.0017
0,struct_mrx_09_000266,0.7104,0.6020,0.4670,0.3860,0.5908,0.7996,0.4000,0.4000,0.4000,0.6000,0.6000,0.6000,2.3525,2.3525
0,struct_mrx_09_000267,0.4414,0.6559,0.4396,0.6555,0.3307,0.7151,0.0690,0.0625,0.0769,0.4828,0.4375,0.5385,2.1478,3.2601
0,struct_mrx_09_000268,0.5947,0.5232,0.4075,0.3624,0.4655,0.7966,0.2222,0.2000,0.2500,0.2963,0.2667,0.3333,3.8374,3.8594
0,struct_mrx_09_000269,0.6579,0.6915,0.6795,0.7336,0.6329,0.7939,0.0000,0.0000,0.0000,0.6000,0.5000,0.7500,1.1911,2.7578
0,struct_mrx_09_000270,0.4370,0.6148,0.4109,0.5434,0.3304,0.6331,0.2963,0.2667,0.3333,0.5185,0.4667,0.5833,2.6067,2.9993
0,struct_mrx_09_000271,0.6426,0.3561,0.3254,0.2286,0.5642,0.6687,0.2222,0.2353,0.2105,0.5000,0.5294,0.4737,3.9896,2.6645
0,struct_mrx_09_000272,0.5529,0.3640,0.4339,0.3497,0.5714,0.6472,0.1818,0.1818,0.1818,0.6364,0.6364,0.6364,2.4326,2.4326
0,struct_mrx_09_000273,0.4224,0.5011,0.4473,0.5007,0.4041,0.6905,0.0833,0.1000,0.0714,0.6667,0.8000,0.5714,2.0064,1.9936
0,struct_mrx_09_000274,0.3812,0.7712,0.4225,0.8007,0.2869,0.6609,0.4706,0.5000,0.4444,0.8235,0.8750,0.7778,1.9308,1.1794
0,struct_mrx_09_000275,0.6041,0.6583,0.5239,0.5554,0.4958,0.7874,0.0800,0.0769,0.0833,0.8000,0.7692,0.8333,1.2747,1.2752
0,struct_mrx_09_000276,0.5009,0.4515,0.5920,0.5631,0.6240,0.6559,0.2857,0.3333,0.2500,0.8571,1.0000,0.7500,2.0173,1.3543
0,struct_mrx_09_000277,0.6804,0.7745,0.7618,0.8378,0.6984,0.8476,0.1667,0.1250,0.2500,0.5000,0.3750,0.7500,1.2991,4.3003
0,struct_mrx_09_000278,0.4739,0.5686,0.4112,0.4825,0.3582,0.7308,0.2353,0.2500,0.2222,0.4706,0.5000,0.4444,3.0559,3.0082
0,struct_mrx_09_000279,0.4461,0.8038,0.3879,0.8294,0.2532,0.7600,0.2353,0.1600,0.4444,0.4118,0.2800,0.7778,0.6827,5.8172
0,struct_mrx_09_000280,0.9937,0.5071,0.7244,0.5747,0.9796,0.7569,0.8235,0.7778,0.8750,0.9412,0.8889,1.0000,0.0581,0.0639
0,struct_mrx_09_000281,0.5630,0.6344,0.4542,0.5164,0.4053,0.7384,0.2000,0.1538,0.2857,0.3000,0.2308,0.4286,3.7084,3.7686
0,struct_mrx_09_000282,0.5980,0.6203,0.5017,0.5308,0.4756,0.8076,0.3636,0.3000,0.4615,0.5454,0.4500,0.6923,1.0846,2.6288
0,struct_mrx_09_000283,0.3576,0.5750,0.3523,0.6018,0.2490,0.7228,0.1739,0.1667,0.1818,0.3478,0.3333,0.3636,3.6453,3.4946
0,struct_mrx_09_000284,0.5509,0.8626,0.5148,0.8708,0.3654,0.8115,0.2143,0.1579,0.3333,0.5714,0.4210,0.8889,2.1123,6.1634
0,struct_mrx_09_000285,0.7920,0.5479,0.4383,0.3139,0.7263,0.6879,0.3333,0.2941,0.3846,0.4000,0.3529,0.4615,3.2296,3.2908
0,struct_mrx_09_000286,0.5334,0.2474,0.4578,0.3421,0.6917,0.5674,0.2727,0.3000,0.2500,0.5454,0.6000,0.5000,3.2367,2.3007
0,struct_mrx_09_000287,0.6370,0.4724,0.5275,0.4500,0.6372,0.6954,0.0952,0.1000,0.0909,0.3810,0.4000,0.3636,3.7305,3.7188
0,struct_mrx_09_000288,0.6529,0.6138,0.7134,0.6836,0.7459,0.7979,0.1250,0.1111,0.1429,0.6250,0.5556,0.7143,2.1229,2.1534
0,struct_mrx_09_000289,0.7103,0.8336,0.7330,0.8296,0.6566,0.8903,0.1429,0.1176,0.1818,0.7857,0.6471,1.0000,1.2401,1.7618
0,struct_mrx_09_000290,0.7804,0.8139,0.7366,0.7491,0.7244,0.9172,0.4375,0.3333,0.6364,0.5625,0.4286,0.8182,0.0754,3.6729
0,struct_mrx_09_000291,0.4146,0.3618,0.4842,0.4930,0.4758,0.6407,0.0000,0.0000,0.0000,0.4167,0.2778,0.8333,0.9381,7.7179
0,struct_mrx_09_000292,0.4859,0.6002,0.4534,0.5638,0.3792,0.6747,0.2609,0.2500,0.2727,0.6087,0.5833,0.6364,1.8864,1.8981
0,struct_mrx_09_000293,0.6340,0.7666,0.6225,0.7561,0.5290,0.7841,0.3077,0.2500,0.4000,0.6923,0.5625,0.9000,1.1233,1.7468
0,struct_mrx_09_000294,0.5136,0.7116,0.4338,0.6653,0.3218,0.8309,0.0000,0.0000,0.0000,0.3684,0.2593,0.6364,2.9664,5.8860
0,struct_mrx_09_000295,0.6470,0.4642,0.5246,0.4259,0.6828,0.7270,0.0000,0.0000,0.0000,0.5333,0.5714,0.5000,2.8767,2.4097
0,struct_mrx_09_000296,0.4325,0.5097,0.4160,0.4633,0.3774,0.6534,0.2727,0.3333,0.2308,0.7273,0.8889,0.6154,2.1039,0.9752
